"conversation_id_str","created_at","favorite_count","full_text","id_str","image_url","in_reply_to_screen_name","lang","location","quote_count","reply_count","retweet_count","tweet_url","user_id_str","username"
"1974089927441985802","Fri Oct 03 23:57:21 +0000 2025","0","@sharpandshark Masalahnya bukan di takaran kandungan etanol berapanya namun pada mau jual yg ber etanol apa tidak ??? Dagang itu jangan dipaksa tapi pelayanan dn kepercayaan","1974262528923594779","","sharpandshark","in","","0","0","0","https://x.com/undefined/status/1974262528923594779","1797257016676933632",
"1974080788271673543","Fri Oct 03 23:51:25 +0000 2025","1","@hasyimmah Bukanya semua yang udah di pasar ada kandungan etanolnya ya? Ini kasusnya mereka gamau bayar 3 5% etanol dengan harga BBM aja kan?","1974261034509906362","","hasyimmah","in","","0","1","0","https://x.com/undefined/status/1974261034509906362","1076802402638913536",
"1974253906487296473","Fri Oct 03 23:23:05 +0000 2025","0","Kandungan Etanol (Bioetanol) dalam BBM Pertamina https://t.co/h57lIPZh9q","1974253906487296473","","","in","","0","0","0","https://x.com/undefined/status/1974253906487296473","1963890994337947648",
"1973912976349671528","Fri Oct 03 23:03:49 +0000 2025","0","@apansa_kalengs Setelah kasus Pertamax oplosan konsumen termasuk Ojol pada pindah ke Shell dkk.. ditambah info ada kandungan etanol tambah2 aja nih","1974249054579417538","","apansa_kalengs","in","","0","0","0","https://x.com/undefined/status/1974249054579417538","533938183",
"1974245163783393596","Fri Oct 03 22:48:21 +0000 2025","0","Kandungan Etanol di BBM Pertamina Ternyata Ini Alasannya https://t.co/PT14WdLRGP","1974245163783393596","","","in","","0","0","0","https://x.com/undefined/status/1974245163783393596","47274731",
"1974188200785551823","Fri Oct 03 19:02:00 +0000 2025","0","Apakah Kandungan Etanol di BBM Pertamina Berbahaya bagi Mobil? Cek Faktanya https://t.co/W6vIxCgjwq","1974188200785551823","","","in","","0","0","0","https://x.com/undefined/status/1974188200785551823","132078023",
"1973988086146285956","Fri Oct 03 17:28:15 +0000 2025","0","@POSITIFITI Kerja sama energi tetap bisa di mana aja kualitas BBM nasional dan kandungan etanol sudah pasti aman pembatalan bukan soal mutu #KolaborasiEnergi","1974164606768853381","","POSITIFITI","in","","0","0","0","https://x.com/undefined/status/1974164606768853381","1708701913745924096",
"1974147536450695574","Fri Oct 03 16:20:25 +0000 2025","2","BP dan Vivo malam itu juga cancel krn tdk mau ambil resiko dgn kandungan Etanol 3.5% yg terlalu tinggi utk standar mereka. Krn kalau kadar Etanol kebanyakan efeknya bikin mesin sengsara. Siap2 aja lu keluarin duit buat benerin mesin. https://t.co/GX204nKm6F https://t.co/2usgFRL2jq","1974147536450695574","https://pbs.twimg.com/media/G2WUt_lbMAMdjq4.jpg","","in","","0","0","1","https://x.com/undefined/status/1974147536450695574","424908793",
"1974049006343893280","Fri Oct 03 15:04:13 +0000 2025","0","@OniDewono @kompascom Benar meskipun regulasi mengizinkan hingga 20% etanol pembeli seperti Vivo dan BP-AKR menolak karena mereka spesifik meminta bahan bakar tanpa kandungan etanol apapun sesuai standar mereka. Respons pemerintah dalam kasus impor bahan bakar baku kadang tidak sepenuhnya","1974128359182623091","","OniDewono","in","","0","0","0","https://x.com/undefined/status/1974128359182623091","1720665183188922368",
"1974125104193024461","Fri Oct 03 14:51:16 +0000 2025","0","Vivo dan BP Batal Beli BBM Pertamina Gegara Kandungan Etanol Apa Dampaknya pada Mesin Kendaraan? https://t.co/JrRcDpdyGl","1974125104193024461","","","in","","0","0","0","https://x.com/undefined/status/1974125104193024461","2329327184",
"1974120397110194524","Fri Oct 03 14:32:34 +0000 2025","20","Ga tau malu udah barang ga sesuai spek masih dibela juga... https://t.co/dKpthsWd0i","1974120397110194524","","","in","","1","6","5","https://x.com/undefined/status/1974120397110194524","941458748",
"1974120394073518297","Fri Oct 03 14:32:33 +0000 2025","41","19/9/25 : SPBU swasta setuju beli BBM dari Pertamina 2/10/25 : Vivo dan BP batal beli BBM krn ada kandungan etanol Konsentrasi etanol dpt sebabkan kerusakan mesin. Etanol juga miliki kemampuan kuat utk menyerap air di dasar tangki dan sebabkan korosi serta penyumbatan filter. https://t.co/5yFdUBuhC4","1974120394073518297","https://pbs.twimg.com/media/G2V8CUyboAAYaDK.jpg","","in","","0","3","14","https://x.com/undefined/status/1974120394073518297","227320530",
"1974108163197763772","Fri Oct 03 13:43:57 +0000 2025","1","Alasan Vivo dan BP Batal Beli BBM Dari Pertamina mengungkapkan SPBU Vivo dan BP batal membeli base fuel bahan bakar minyak (BBM) dari Pertamina karena ada kandungan etanol. #BBM #Pertamina #Vivo #BP #Etanol #EnergiIndonesia https://t.co/wfAHT8Yxfj","1974108163197763772","https://pbs.twimg.com/amplify_video_thumb/1974107938248859649/img/-KoZVDoa4nzO4Q96.jpg","","in","","0","0","0","https://x.com/undefined/status/1974108163197763772","2708636053",
"1974106906798276673","Fri Oct 03 13:38:58 +0000 2025","0","Polemik Base Fuel Pertamina: SPBU Swasta Tolak Kandungan Etanol 3 5 persen DPR Ingatkan Pemerintah Agar Hormati Standar Teknis https://t.co/ycMs2QddpB","1974106906798276673","","","in","","0","0","0","https://x.com/undefined/status/1974106906798276673","1219947729155047424",
"1974101506334024132","Fri Oct 03 13:23:26 +0000 2025","0","@Kawardhani11577 Ya di Eropa regulasi mengizinkan kandungan etanol hingga 10% dalam bensin (E10) dan Shell menjualnya di negara seperti Inggris sejak 2021. Di Malaysia tidak ada karena kebijakan biofuel fokus pada biodiesel dari minyak sawit untuk diesel bukan etanol untuk bensin. Tidak ada","1974102996876472452","","Kawardhani11577","in","","0","0","0","https://x.com/undefined/status/1974102996876472452","1720665183188922368",
"1974101506334024132","Fri Oct 03 13:20:46 +0000 2025","0","@grok Bukankah di erop shell memperbolehkan kandungan etano sampai 10%? Kenapa di malysia tidak ada kandungan etanol?","1974102325414531279","","grok","in","","0","2","0","https://x.com/undefined/status/1974102325414531279","1724733851929600000",
"1974049006343893280","Fri Oct 03 13:13:10 +0000 2025","0","@kompascom itu aturan tahun kapan ya? apa jaman premium kah? klo emang itu sesuai dg pengurangan emisi kok bisa itu perusahaan nolak semua kandungan etanol?","1974100412862247148","","kompascom","in","","0","0","0","https://x.com/undefined/status/1974100412862247148","435519449",
"1974099654154596635","Fri Oct 03 13:10:09 +0000 2025","4","Sedari awal sepakat pembelian base fuel (bensin murni) yg namanya murni ya bebas dr tambahan bahan apapun tmsk didalamnya bebas etanol Sedangkan base fuel dr Pertamina sudah ditambah kandungan etanol sebesar 3 5% Malah skrg narasinya pake alesan kandungan etanol jg dipake SPBU","1974099654154596635","","","in","","1","0","1","https://x.com/undefined/status/1974099654154596635","1152447574411902977",
"1973964370062483486","Fri Oct 03 13:00:48 +0000 2025","4","@CNNIndonesia Base fuel hrsnya murni tanpa kandungan lain dan ini yg diinginkan oleh Vivo. Klo sdh dicampur etanol itu namanya oplosan . Pertamina tdk taat dgn kesepakatan. Jd wajar klo Vivo ogah membeli base fuel yg sdh dioplos.","1974097301061972338","","CNNIndonesia","in","","0","0","0","https://x.com/undefined/status/1974097301061972338","1863798536502140928",
"1974095617476735151","Fri Oct 03 12:54:06 +0000 2025","0","BBM impor dengan kandungan etanol 3 5 persen belakangan ini menuai sorotan. Etanol sendiri sebenarnya bukan hal baru di industri migas namun potensi risikonya masih menjadi perdebatan. Lantas seperti apa dampaknya? &gt;&gt; https://t.co/KXqLw6KZQr #Vivo #BP #BBM #detikoto https://t.co/hB7dWUlMI0","1974095617476735151","https://pbs.twimg.com/media/G2VlIN2bMAMNUUU.jpg","","in","","0","0","0","https://x.com/undefined/status/1974095617476735151","80543284",
"1974068858949681484","Fri Oct 03 12:52:51 +0000 2025","1","@Kawardhani11577 @ferrykoto Shell dan SPBU swasta lain di Indonesia menolak BBM dari Pertamina karena ditemukan kandungan etanol 3 5% pada base fuel impor tersebut yang dianggap tidak sesuai spesifikasi internal mereka. Namun pemerintah menyatakan kadar itu masih dalam batas toleransi (di bawah 20%) dan","1974095300529959206","","Kawardhani11577","in","","0","1","1","https://x.com/undefined/status/1974095300529959206","1720665183188922368",
"1974068858949681484","Fri Oct 03 12:51:46 +0000 2025","0","@OnePowerrrr @ferrykoto Persentase etanol 3 5% pada base fuel Pertamina adalah kandungan tetap pada bahan bakar yang disuplai ke retailer. Namun bisa bertambah jika ada blending tambahan seperti rencana Pertamina tingkatkan hingga 7-8% pada produk akhir seperti Pertalite.","1974095030781641023","","OnePowerrrr","in","","0","0","0","https://x.com/undefined/status/1974095030781641023","1720665183188922368",
"1974048965101564042","Fri Oct 03 12:40:59 +0000 2025","0","@halofadel Kandungan etanol nya","1974092314034516022","","halofadel","in","","0","0","0","https://x.com/undefined/status/1974092314034516022","147204872",
"1974090344557129762","Fri Oct 03 12:33:09 +0000 2025","1","ANTARA - ANTARA - Pakar UI sebut kandungan etanol untuk BBM lazim dilakukan https://t.co/cyc9bEN1p7 https://t.co/FzKMbjAzwv","1974090344557129762","https://pbs.twimg.com/media/G2Vgs03bMAAEwDB.jpg","","in","","0","0","0","https://x.com/undefined/status/1974090344557129762","18071520",
"1974075009795526704","Fri Oct 03 12:19:34 +0000 2025","0","@ferrykoto @prabowo Kandungan etanol 10% ada di produk jadi dia gak sebut ambang batas penerimaan base oil nya.","1974086924169326994","","ferrykoto","in","","0","1","0","https://x.com/undefined/status/1974086924169326994","69818675",
"1974049006343893280","Fri Oct 03 12:06:41 +0000 2025","103","@kompascom Ya betul sesuai regulasi tp yg mau beli gamau ada kandungan etanol 3 5% bapakkk. Ibaratnya bpk mau makan ketoprak pesen gak pake cabai krn gak bs makan pedas sm sekali tp malah dikasih cabai trus kira bpk makan gak?","1974083683574591695","","kompascom","in","","0","0","7","https://x.com/undefined/status/1974083683574591695","42874571",
"1974079209472479630","Fri Oct 03 11:48:54 +0000 2025","122","Tiga SPBU swasta Vivo BP-AKR dan Shell sampai sekarang belum membeli base fuel dari Pertamina. Vivo sempat sepakat mengambil 40.000 barrel tapi batal BP-AKR meminta dokumen asal-usul dan menyoroti kandungan etanol sedangkan Shell masih dalam tahap pembahasan B2B. https://t.co/cR6i7l8Wn0","1974079209472479630","https://pbs.twimg.com/media/G2VWke9asAA4z2a.jpg","","in","","11","36","46","https://x.com/undefined/status/1974079209472479630","23343960",
"1974078771117568490","Fri Oct 03 11:47:10 +0000 2025","0","Polemik Base Fuel Pertamina: SPBU Swasta Tolak Kandungan Etanol 3 5 persen DPR Ingatkan Pemerintah Agar Hormati Standar Teknis https://t.co/ycMs2QddpB","1974078771117568490","","","in","","0","0","0","https://x.com/undefined/status/1974078771117568490","1219947729155047424",
"1974077733337772287","Fri Oct 03 11:43:02 +0000 2025","0","Kandungan etanol di BBM aja takut. Lha wong di mari malah buat oplosan minuman. Masih kurang nggleyeng tambah autan.","1974077733337772287","","","in","","0","0","0","https://x.com/undefined/status/1974077733337772287","963019144823160832",
"1974030268177715417","Fri Oct 03 11:39:35 +0000 2025","0","@staroflyfe @kompascom Ya Pertamina memang sudah menjual BBM dengan campuran etanol sejak 2023 seperti Pertamax Green 95 (5% etanol) untuk mendukung program biofuel. Kandungan 3.5% di batch ini masih aman di bawah regulasi Indonesia (hingga 20%) tapi Shell &amp; Vivo tolak karena tak sesuai standar","1974076861622988840","","staroflyfe","in","","0","0","0","https://x.com/undefined/status/1974076861622988840","1720665183188922368",
"1974030268177715417","Fri Oct 03 11:23:11 +0000 2025","0","@staroflyfe @kompascom Kandungan etanol 3 5% di BBM bisa bikin masalah seperti: performa mesin kendaraan terganggu (mesin lebih panas pembakaran kurang optimal) risiko korosi atau pembengkakan seal pada kendaraan lama dan energi lebih rendah jadi boros bensin. Shell &amp; Vivo tolak karena khawatir","1974072735757426951","","staroflyfe","in","","0","1","0","https://x.com/undefined/status/1974072735757426951","1720665183188922368",
"1973988086146285956","Fri Oct 03 11:01:16 +0000 2025","0","@POSITIFITI Jangan khawatir soal mutunya BBM nasional sudah sesuai standar kandungan etanol sudah on point kolaborasi energi tetap terbuka #KolaborasiEnergi","1974067219492647013","","POSITIFITI","in","","0","0","0","https://x.com/undefined/status/1974067219492647013","1702573828038352896",
"1974065372715515992","Fri Oct 03 10:53:55 +0000 2025","0","Vivo dan BP Batal Beli BBM Pertamina Gegara Kandungan Etanol Apa Dampaknya pada Mesin Kendaraan? https://t.co/BdNJVcLE7v","1974065372715515992","","","in","","0","0","0","https://x.com/undefined/status/1974065372715515992","1312821680432050177",
"1974064521552802063","Fri Oct 03 10:50:32 +0000 2025","2","https://t.co/xqoxwKCGAo @pertamina ogah perbaiki kualitas produk mereka beralasan rakyat masih salah cara ngecek RON-nya etapi Vivo &amp; BP secara gak langsung membuktikan bahwa produknya Pertamina gak bisa dipercaya Lawak bener Atau ini malah disengaja biar pada beli EV?","1974064521552802063","","","in","","0","1","0","https://x.com/undefined/status/1974064521552802063","62229279",
"1973988086146285956","Fri Oct 03 10:17:26 +0000 2025","0","@POSITIFITI Kandungan etanol BBM on track dengan regulasi standar mutu nasional tetap aman kerjasama energi makin lebar peluangnya #KolaborasiEnergi","1974056189966360682","","POSITIFITI","in","","0","0","0","https://x.com/undefined/status/1974056189966360682","1904059086792208385",
"1974055987070878095","Fri Oct 03 10:16:38 +0000 2025","15","Vivo dan BP Batal Beli BBM Pertamina Gegara Kandungan Etanol Apa Dampaknya pada Mesin Kendaraan? https://t.co/VrOELQa6jl","1974055987070878095","","","in","","1","2","10","https://x.com/undefined/status/1974055987070878095","887743587579944960",
"1974050762905792629","Fri Oct 03 09:55:52 +0000 2025","0","Dirjen Migas ESDM soal Kandungan Etanol di Base Fuel: Internasional Sudah Banyak yang Pakai https://t.co/9AkbTowXyH","1974050762905792629","","","in","","0","0","0","https://x.com/undefined/status/1974050762905792629","1578222594",
"1973988086146285956","Fri Oct 03 09:53:58 +0000 2025","0","@POSITIFITI Jangan ragu standar BBM nasional tetap terjaga kandungan etanol masih sesuai masa depan kolaborasi energi cerah banget #KolaborasiEnergi","1974050283841114142","","POSITIFITI","in","","0","0","0","https://x.com/undefined/status/1974050283841114142","1699637105419522048",
"1974049709561164204","Fri Oct 03 09:51:41 +0000 2025","4","Kandungan etanol untuk kendaraan 2011 ke atas sebenarnya gak masalah sebab jeroannya sudah pakai bahan sintetis tahan etanol &amp; kelembaban. Etanolnya membuat pembakaran lebih efisien &amp; emisi kendaraan lebih rendah. Tapi kalau kendaraan 2010 ke bawah bakal JEBOL KARATAN RUSAK. https://t.co/77rnksI9vj","1974049709561164204","https://pbs.twimg.com/media/G2U7v-MaQAAbhkB.jpg","","in","","0","0","0","https://x.com/undefined/status/1974049709561164204","1890328879010836480",
"1973988086146285956","Fri Oct 03 09:50:04 +0000 2025","0","@POSITIFITI Kandungan etanol BBM nasional tetap sesuai aturan pembatalan pasokan ke SPBU swasta bukan soal mutu peluang sinergi baru menanti #KolaborasiEnergi","1974049304420757736","","POSITIFITI","in","","0","0","0","https://x.com/undefined/status/1974049304420757736","1701490415164432384",
"1974049006343893280","Fri Oct 03 09:48:53 +0000 2025","158"," Pertamina sudah berada pada jalur yang benar sesuai regulasi. Kandungan etanol 3 5 persen tidak melanggar aturan bahkan sejalan dengan target pengurangan emisi karbon ujar Firnando dalam keterangan tertulisnya Jumat (3/10/2025). Baca selengkapnya https://t.co/GE3ibN7jWi https://t.co/uZbrfa3U2h","1974049006343893280","https://pbs.twimg.com/media/G2U7GmmawAA-emG.jpg","","in","","136","181","56","https://x.com/undefined/status/1974049006343893280","23343960",
"1974047531148718395","Fri Oct 03 09:43:02 +0000 2025","0","apa sebenarnya fungsi etanol dalam base fuel yang ada di Pertamina? https://t.co/p0xv2m14M7 lewat @tribunnews","1974047531148718395","","","in","","0","0","0","https://x.com/undefined/status/1974047531148718395","64635651",
"1973988086146285956","Fri Oct 03 09:36:27 +0000 2025","0","@POSITIFITI Kualitas BBM nasional tidak turun meski pasokan BBM ke SPBU swasta dibatalkan kandungan etanol pun masih sesuai regulasi #KolaborasiEnergi","1974045875182972962","","POSITIFITI","in","","0","0","0","https://x.com/undefined/status/1974045875182972962","1942436483954270213",
"1974045583242313876","Fri Oct 03 09:35:17 +0000 2025","0","Kualitas BBM Indonesia nggak diragukan kandungan etanol juga sesuai aturan kolaborasi energi jalan terus #KolaborasiEnergi https://t.co/BZ96PSXavW","1974045583242313876","https://pbs.twimg.com/media/G2U3-nCacAAjz06.jpg","","in","","0","0","0","https://x.com/undefined/status/1974045583242313876","1701869170919628800",
"1974043889746182208","Fri Oct 03 09:28:33 +0000 2025","0","Kandungan etanol dalam BBM tidak melanggar ketentuan pembatalan pasokan ke SPBU swasta juga bukan karena mutu produk #KolaborasiEnergi https://t.co/8lXQMAVXLq","1974043889746182208","https://pbs.twimg.com/media/G2U2ch8bEAAm7ey.jpg","","in","","0","0","0","https://x.com/undefined/status/1974043889746182208","1810524099992756224",
"1974031105150853266","Fri Oct 03 08:37:45 +0000 2025","0","BBM Impor Pertamina Punya Kandungan Etanol ESDM Jelaskan Hal Ini https://t.co/OFGnuPZhpf","1974031105150853266","","","in","","0","0","0","https://x.com/undefined/status/1974031105150853266","132078023",
"1974027048189366783","Fri Oct 03 08:21:38 +0000 2025","0","Kualitas BBM Indonesia nggak diragukan kandungan etanol juga sesuai aturan kolaborasi energi jalan terus #KolaborasiEnergi https://t.co/kOAfKzVUij","1974027048189366783","https://pbs.twimg.com/media/G2UnHPNbMAUo4Db.jpg","","in","","0","0","0","https://x.com/undefined/status/1974027048189366783","1701869170919628800",
"1974024464066375853","Fri Oct 03 08:11:22 +0000 2025","0","3 perusahaan swasta menolak kandungan etanol dan 1 perusahaan merasa lebih baik ada etanol. Kalian percaya dgn yg mana ?","1974024464066375853","","","in","","0","0","0","https://x.com/undefined/status/1974024464066375853","28093731",
"1974023483790184614","Fri Oct 03 08:07:28 +0000 2025","1","Kualitas BBM nasional selalu dijaga kandungan etanol pun ikut ketentuan yuk lanjutkan sinergi positif antar pelaku usaha energi #KolaborasiEnergi https://t.co/4IktKEUfso","1974023483790184614","https://pbs.twimg.com/media/G2Uj47gaIAE3O7g.jpg","","in","","0","0","0","https://x.com/undefined/status/1974023483790184614","1701818380838428672",
"1974021619560689964","Fri Oct 03 08:00:04 +0000 2025","0","ESDM Sebut Brasil dan Amerika Gunakan BBM dengan Kandungan Etanol https://t.co/iwtTV9d7KH #KementerianESDM","1974021619560689964","","","in","","0","0","0","https://x.com/undefined/status/1974021619560689964","43799886",
"1974020605847486733","Fri Oct 03 07:56:02 +0000 2025","0","Kandungan etanol BBM nasional udah sesuai dengan kebijakan standar mutu juga masih terjaga sinergi energi tetap jalan #KolaborasiEnergi https://t.co/Rzf1yeWgQS","1974020605847486733","https://pbs.twimg.com/media/G2UhLJFasAASTvU.jpg","","in","","0","0","0","https://x.com/undefined/status/1974020605847486733","1909958542439923713",
"1974019050788241443","Fri Oct 03 07:49:51 +0000 2025","0","BBM nasional selalu jaga mutu dan kandungan etanol tetap on track sinergi energi di masa depan makin cerah #KolaborasiEnergi https://t.co/rIHvntg99G","1974019050788241443","https://pbs.twimg.com/media/G2Uf1VUbMAMNA1u.jpg","","in","","0","0","0","https://x.com/undefined/status/1974019050788241443","1699637105419522048",
"1974018596448973028","Fri Oct 03 07:48:03 +0000 2025","0","Keputusan pasokan BBM ke SPBU swasta murni bukan masalah mutu kandungan etanol patuh aturan sinergi energi tetap terbuka #KolaborasiEnergi https://t.co/FbonBFYCus","1974018596448973028","https://pbs.twimg.com/media/G2UfcnibMAIqvgC.jpg","","in","","0","0","0","https://x.com/undefined/status/1974018596448973028","1697460186590633984",
"1974018593898799270","Fri Oct 03 07:48:02 +0000 2025","0","BBM nasional tetap patuh standar mutu dan kandungan etanol sesuai aturan. Kolaborasi ke depan makin cerah #KolaborasiEnergi https://t.co/fbFDFhSMWJ","1974018593898799270","https://pbs.twimg.com/media/G2UfbAcbgAAwv4e.jpg","","in","","0","0","0","https://x.com/undefined/status/1974018593898799270","1701508222908325888",
"1974018545903444384","Fri Oct 03 07:47:51 +0000 2025","0","Pembatalan pasokan BBM ke SPBU swasta bukan karena isu kualitas kandungan etanol tetap ikut aturan kolaborasi dan sinergi makin luas #KolaborasiEnergi https://t.co/P8ky7OPVPh","1974018545903444384","https://pbs.twimg.com/media/G2UfZqjaMAAJVLR.jpg","","in","","0","0","0","https://x.com/undefined/status/1974018545903444384","1697528810185596928",
"1974018505155494254","Fri Oct 03 07:47:41 +0000 2025","0","Kerjasama di dunia energi makin terbuka mutu BBM nasional dijaga kandungan etanol selalu mengikuti aturan #KolaborasiEnergi https://t.co/pobNqznfJV","1974018505155494254","https://pbs.twimg.com/media/G2UfXKwbMAApeKb.jpg","","in","","0","0","0","https://x.com/undefined/status/1974018505155494254","1701109154746970112",
"1974017007923421438","Fri Oct 03 07:41:44 +0000 2025","0","Pastikan kualitas BBM nasional kandungan etanol tetap sesuai peluang sinergi pelaku energi makin terbuka #KolaborasiEnergi https://t.co/Av8JJgPTjh","1974017007923421438","https://pbs.twimg.com/media/G2UeAH7bEAAhJNd.jpg","","in","","0","0","0","https://x.com/undefined/status/1974017007923421438","1832693166660841479",
"1974016727131566419","Fri Oct 03 07:40:37 +0000 2025","0","Jangan khawatir standar BBM dan kandungan etanol nasional aman terkendali ruang kolaborasi energi makin gede #KolaborasiEnergi https://t.co/3jsYHYmoBt","1974016727131566419","https://pbs.twimg.com/media/G2Udu_QbUAEmwTq.jpg","","in","","0","0","0","https://x.com/undefined/status/1974016727131566419","1701495650041630720",
"1974016336880939286","Fri Oct 03 07:39:04 +0000 2025","0","Sama-sama tahu standar mutu dan kandungan etanol BBM nasional terjaga banget peluang kolaborasi energi enggak ke mana-mana kok #KolaborasiEnergi https://t.co/0kcX0Exf2Z","1974016336880939286","https://pbs.twimg.com/media/G2UdZHma4AApzJv.jpg","","in","","0","0","0","https://x.com/undefined/status/1974016336880939286","1701110447603367936",
"1974014350831538675","Fri Oct 03 07:31:11 +0000 2025","0","Kandungan etanol BBM masih sesuai aturan pemerintah standar nasional tetap prioritas kerjasama energi makin terbuka #KolaborasiEnergi https://t.co/62Vs49VKFn","1974014350831538675","https://pbs.twimg.com/media/G2UblcvbMAQNXZi.jpg","","in","","0","0","0","https://x.com/undefined/status/1974014350831538675","1701122310567313408",
"1974014040856052149","Fri Oct 03 07:29:57 +0000 2025","0","Pasokan BBM ke SPBU swasta batal bukan karena mutu kandungan etanol juga aman sesuai aturan nasional sinergi energi terus berjalan #KolaborasiEnergi https://t.co/jlx4xclo6Q","1974014040856052149","https://pbs.twimg.com/media/G2UbTLEa8AAVm7l.jpg","","in","","0","0","0","https://x.com/undefined/status/1974014040856052149","1701125686306668544",
"1974011943578186195","Fri Oct 03 07:21:37 +0000 2025","0","Mutu BBM nasional dan kandungan etanol masih sesuai aturan peluang sinergi pekerja energi makin besar #KolaborasiEnergi https://t.co/qBqm95JntL","1974011943578186195","https://pbs.twimg.com/media/G2UZZsbbMAQMOkg.jpg","","in","","0","0","0","https://x.com/undefined/status/1974011943578186195","1700064979410681856",
"1974011706457079990","Fri Oct 03 07:20:40 +0000 2025","0","Standar mutu nasional BBM selalu diutamakan kandungan etanol juga sesuai aturan kolaborasi antar pelaku energi tetap berjalan #KolaborasiEnergi https://t.co/VUK4jspBfV","1974011706457079990","https://pbs.twimg.com/media/G2UZLjzagAAn9G5.jpg","","in","","0","0","0","https://x.com/undefined/status/1974011706457079990","1702581069705592832",
"1974011445592334691","Fri Oct 03 07:19:38 +0000 2025","0","Pembatalan BBM ke SPBU swasta enggak kaitan dengan kualitas produk kandungan etanol tetap sesuai kolaborasi makin seru ke depannya #KolaborasiEnergi https://t.co/fh2De9yoP0","1974011445592334691","https://pbs.twimg.com/media/G2UY7CFbwAALiqN.jpg","","in","","0","0","0","https://x.com/undefined/status/1974011445592334691","1486968325792239616",
"1974011136111751502","Fri Oct 03 07:18:24 +0000 2025","2","Vivo Energy Indonesia dan BP-AKR membatalkan rencana membeli BBM Pertamina. Alasannya kandungan etanol 3 5% dalam base fuel dinilai tidak sesuai spesifikasi meski dalam batas regulasi. Sebelumnya kualitas BBM di Indonesia dinilai masih tertinggal dibandingkan standar https://t.co/QlO7wqS4Fy","1974011136111751502","https://pbs.twimg.com/media/G2UYWmYbMAAUxgU.jpg","","in","","1","0","0","https://x.com/undefined/status/1974011136111751502","121640063",
"1974011010773364784","Fri Oct 03 07:17:54 +0000 2025","0","SPBU Swasta Tolak Impor Base Fuel Pertamina Kandungan Etanol Jadi Sorotan https://t.co/EoG1YThbjd","1974011010773364784","","","in","","0","0","1","https://x.com/undefined/status/1974011010773364784","888318006979252225",
"1974010877939470625","Fri Oct 03 07:17:23 +0000 2025","0","Meski pasokan BBM ke SPBU swasta dibatalkan kualitas produk bukan masalah. Kandungan etanol tetap sesuai regulasi dan sinergi pelaku energi tetap terbuka #KolaborasiEnergi https://t.co/J03UETEuj6","1974010877939470625","https://pbs.twimg.com/media/G2UYbXHbEAA5cEj.jpg","","in","","0","0","0","https://x.com/undefined/status/1974010877939470625","1687001607433793536",
"1974009911735357441","Fri Oct 03 07:13:32 +0000 2025","0","Kualitas BBM nasional dan kandungan etanol selalu sesuai ketentuan kolaborasi antar usaha energi masih terbuka lebar #KolaborasiEnergi https://t.co/0fx1DrAnCQ","1974009911735357441","https://pbs.twimg.com/media/G2UXhjUaAAADGwX.jpg","","in","","0","0","0","https://x.com/undefined/status/1974009911735357441","1701081657053511680",
"1974009782617989275","Fri Oct 03 07:13:02 +0000 2025","0","Lanjut sinergi energi pembatalan BBM ke SPBU swasta bukan soal mutu kandungan etanol aman standar nasional tetap dijaga #KolaborasiEnergi https://t.co/THMqRQeX5c","1974009782617989275","https://pbs.twimg.com/media/G2UXbhnbMAAH0fa.jpg","","in","","0","0","0","https://x.com/undefined/status/1974009782617989275","1701804750742986752",
"1974009777442222371","Fri Oct 03 07:13:00 +0000 2025","0","Masa depan energi tetap cerah standar mutu BBM nasional dijaga dan kandungan etanol masih sesuai regulasi #KolaborasiEnergi https://t.co/bViDh76PYT","1974009777442222371","https://pbs.twimg.com/media/G2UXaS_agAADDUp.jpg","","in","","0","0","0","https://x.com/undefined/status/1974009777442222371","1701149790195879936",
"1974009301502152875","Fri Oct 03 07:11:07 +0000 2025","0","Alasan 3 SPBU Asing Batal Beli BBM Pertamina Buka Suara Soal Kandungan Etanol https://t.co/mPJhSJunmc #DukunganProgramPemerintah","1974009301502152875","","","in","","0","0","0","https://x.com/undefined/status/1974009301502152875","509946051",
"1974008804892389829","Fri Oct 03 07:09:09 +0000 2025","0","Kualitas dan kandungan etanol BBM nasional sesuai standar pemerintah ruang kolaborasi makin luas buat ke depannya #KolaborasiEnergi https://t.co/L9MfD2I627","1974008804892389829","https://pbs.twimg.com/media/G2UWh2CbMAAKIw9.jpg","","in","","0","0","0","https://x.com/undefined/status/1974008804892389829","1701086567174164480",
"1974005696472756699","Fri Oct 03 06:56:47 +0000 2025","0","Pasokan BBM ke SPBU swasta batal bukan masalah kualitas. Kandungan etanol tetap sesuai aturan dan kerja sama makin terbuka ke depannya #KolaborasiEnergi https://t.co/VzfhgqEbHc","1974005696472756699","https://pbs.twimg.com/media/G2UTtPbagAAHTR4.jpg","","in","","0","0","0","https://x.com/undefined/status/1974005696472756699","1696724866286968832",
"1974005309992817134","Fri Oct 03 06:55:15 +0000 2025","1","Enggak ada masalah kualitas di pembatalan BBM ke SPBU swasta standar mutu dan kandungan etanol tetap tegas kok #KolaborasiEnergi https://t.co/flOcWS15Sz","1974005309992817134","https://pbs.twimg.com/media/G2UTXjabwAA2h95.jpg","","in","","0","0","0","https://x.com/undefined/status/1974005309992817134","1701883017177047040",
"1974005061668708666","Fri Oct 03 06:54:16 +0000 2025","0","Kandungan Etanol di BBM Lazim Dilakukan tapi Kenapa Shell Cs Batal Beli? https://t.co/wNTRzjSzOb","1974005061668708666","","","in","","0","0","0","https://x.com/undefined/status/1974005061668708666","47274731",
"1974003511638860091","Fri Oct 03 06:48:07 +0000 2025","0","Selalu utamakan mutu BBM nasional kandungan etanol juga sesuai regulasi sinergi pelaku usaha energi tetap kuat meski ada dinamika #KolaborasiEnergi https://t.co/pT0Objg308","1974003511638860091","https://pbs.twimg.com/media/G2URthEbMAAUR-8.jpg","","in","","0","0","0","https://x.com/undefined/status/1974003511638860091","1701479742141284352",
"1974003473659408683","Fri Oct 03 06:47:57 +0000 2025","0","Kebijakan pembatalan bukan berarti BBM bermasalah kandungan etanol tetap sesuai aturan pemerintah sinergi energi tetap terbuka #KolaborasiEnergi https://t.co/yCg7BVWa0q","1974003473659408683","https://pbs.twimg.com/media/G2URsXhaMAAWaJf.jpg","","in","","0","0","0","https://x.com/undefined/status/1974003473659408683","1542877353130754049",
"1974002125035483252","Fri Oct 03 06:42:36 +0000 2025","1","SPBU Swasta Batal Beli Base Fuel Pertamina karena Kandungan Etanol https://t.co/nspYRQLQ5q","1974002125035483252","","","in","","0","0","3","https://x.com/undefined/status/1974002125035483252","1835971990278307840",
"1974001148915790225","Fri Oct 03 06:38:43 +0000 2025","0","Sinergi antar pelaku energi makin kuat kualitas BBM nasional dan kandungan etanol tetap sesuai aturan #KolaborasiEnergi https://t.co/pEqa2CjmPC","1974001148915790225","https://pbs.twimg.com/media/G2UPlDdbMAE0F5r.jpg","","in","","0","0","0","https://x.com/undefined/status/1974001148915790225","1542903700326232065",
"1974001052836937974","Fri Oct 03 06:38:20 +0000 2025","16","Vivo dan BP Batal Beli BBM Pertamina Gegara Kandungan Etanol Apa Dampaknya pada Mesin Kendaraan? Penggunaan etanol pada campuran BBM murni berdampak buruk pada mesin https://t.co/8NKrkZVn8Z","1974001052836937974","","","in","","2","3","11","https://x.com/undefined/status/1974001052836937974","3319260420",
"1973566929580569018","Fri Oct 03 06:37:45 +0000 2025","0","@grok @dedenij91 @perupadata Bagaimana dengan kandungan etanol dari produsen lain di Indonesia seperti Pertamina Vivo AKR Exxon ?","1974000904132002079","","grok","in","","0","1","0","https://x.com/undefined/status/1974000904132002079","841344534",
"1974000211639877940","Fri Oct 03 06:35:00 +0000 2025","0","Pertamina Beri Penjelasan soal Kandungan Etanol Pada Bensin https://t.co/Lv0nOriI9U","1974000211639877940","","","in","","1","1","1","https://x.com/undefined/status/1974000211639877940","4187275698",
"1973987125272944945","Fri Oct 03 05:43:00 +0000 2025","0","APR dan VIVO batal membeli BBM dari Pertamina. Alasan pembatalan terkait kandungan etanol dalam base fuel yang tidak sesuai kriteria mereka. Ini pernyataan Pertamina: https://t.co/ol4nBZQ859","1973987125272944945","","","in","","0","0","0","https://x.com/undefined/status/1973987125272944945","135795460",
"1973983620651233724","Fri Oct 03 05:29:04 +0000 2025","2","Dirjen Migas Laode Suleman mengatakan sejumlah alasan SPBU Swasta seperti Shell BP dan VIVO yang batal membeli BBM Base Fuel dari Pertamina. Salah satu kualitas base fuel yang ada kandungan etanol menjadi alasannya. Sehingga SPBU Swasta belum bisa menerima. #spbuswasta #shell https://t.co/18cziVkjqV","1973983620651233724","https://pbs.twimg.com/amplify_video_thumb/1973983022618980355/img/fYtdQD0W0tisZPI3.jpg","","in","","0","2","0","https://x.com/undefined/status/1973983620651233724","121640063",
"1973710320276521269","Fri Oct 03 05:24:35 +0000 2025","0","@kerjadarirumahq @SoundOfYogi Iya plot twist-nya emang banyak! Dari sidang DPR terbaru terungkap kargo Pertamina sudah ada kandungan etanol bikin SPBU swasta ogah beli karena kualitas tak sesuai. Bahlil dorong impor 1 pintu buat ungkap ini. Masih investigasi cek sumber resmi untuk update.","1973982492458930617","","kerjadarirumahq","in","","0","0","1","https://x.com/undefined/status/1973982492458930617","1720665183188922368",
"1973724375028519114","Fri Oct 03 04:56:59 +0000 2025","2","@taufik_q @dp_koesmirah Etanol kan ada kandungan air brarti..meski berbentuk Alkohol..","1973975547048046895","","taufik_q","in","","0","0","0","https://x.com/undefined/status/1973975547048046895","1557030741669990400",
"1973940824678543525","Fri Oct 03 04:50:40 +0000 2025","0","@innovacommunity @motoupdate Kandungan etanol yang di supply untuk balapan terlalu tinggi","1973973954693116243","","innovacommunity","in","","0","0","0","https://x.com/undefined/status/1973973954693116243","915071640869888000",
"1973971433358311593","Fri Oct 03 04:40:38 +0000 2025","0","Soal Kandungan Etanol di BBM Apakah Aman atau Tidak untuk Mesin? Ini Kata Pakar https://t.co/VF0vtjqAL9","1973971433358311593","","","in","","0","0","0","https://x.com/undefined/status/1973971433358311593","1578222594",
"1973969609125736616","Fri Oct 03 04:33:24 +0000 2025","0","Pertamina ungkap alasan penggunaan etanol dalam BBM usai Vivo batal beli base fuel karena kandungan etanol 3 5 persen. https://t.co/y9yS5uIhaU","1973969609125736616","","","in","","0","0","5","https://x.com/undefined/status/1973969609125736616","1545636853214507008",
"1973566929580569018","Fri Oct 03 04:27:20 +0000 2025","0","@HangJelabat @dedenij91 @perupadata Berdasarkan data dari Shell Indonesia dan sumber terkini kandungan etanol di V-Power adalah 0%. Produk ini tidak mengandung etanol di pasar Indonesia berbeda dengan varian di negara lain yang mungkin mencapai 5-10%.","1973968083925807337","","HangJelabat","in","","0","1","0","https://x.com/undefined/status/1973968083925807337","1720665183188922368",
"1973925566593257906","Fri Oct 03 04:23:19 +0000 2025","0","@bubynul blom vivo batal beli juga soalnya ada kandungan 3% etanol","1973967075485130863","","bubynul","in","","0","0","0","https://x.com/undefined/status/1973967075485130863","1781468420720279552",
"1973963295502795114","Fri Oct 03 04:08:18 +0000 2025","0","Kandungan Etanol di BBM Pertamina: Praktik Internasional Energi Rendah Emisi https://t.co/WBzBCT7eJk","1973963295502795114","","","in","","0","0","0","https://x.com/undefined/status/1973963295502795114","47274731",
"1973956569328164959","Fri Oct 03 03:41:35 +0000 2025","17","Kalau pemerintah bikin regulasi kandungan etanol 20%. Artinya selama ini pemerintah ngrusak kendaraan... Hanya ada 1 kata. #bangsat Dampak Etanol di BBM pada Mesin Kendaraan https://t.co/xeSyFVoAh8","1973956569328164959","","","in","","1","0","4","https://x.com/undefined/status/1973956569328164959","1296100285375340544",
"1973947364101718048","Fri Oct 03 03:05:00 +0000 2025","91","Secara fisika dan kimia pembakaran etanol memang punya keunggulan: Kandungan oksigen lebih tinggi → bikin pembakaran lebih sempurna → emisi CO dan HC turun. Angka oktan lebih tinggi → bikin mesin lebih tahan knocking. Tapi masalahnya mobil-mobil di pasaran Indonesia https://t.co/0GjS4KSCXU","1973947364101718048","https://pbs.twimg.com/media/G2TeqP-aIAATG0O.jpg","","in","","2","17","47","https://x.com/undefined/status/1973947364101718048","1267940786991099905",
"1973944468052296085","Fri Oct 03 02:53:29 +0000 2025","0","Ramai Ditolak SPBU Swasta Apa Dampak Kandungan Etanol pada BBM untuk Mobil-Motor? https://t.co/rDzdRMla1I","1973944468052296085","","","in","","0","0","0","https://x.com/undefined/status/1973944468052296085","80543284",
"1973938729766301917","Fri Oct 03 02:30:41 +0000 2025","1"," Vivo batal beli BBM impor dari Pertamina karena kandungan etanol 3 5%. Pertamina bilang akan serap sendiri . Tapi publik tanya: siapa yang dirugikan beneran? #BBM #Etanol #Pertamina #Vivo https://t.co/Vmkpga2Hwh","1973938729766301917","","","in","","0","0","0","https://x.com/undefined/status/1973938729766301917","1865197367068364803",
"1973932075771474038","Fri Oct 03 02:04:15 +0000 2025","0","Setelah sempat sepakat SPBU swasta Vivo dan BP AKR akhirnya batal membeli base fuel (bahan bakar murni tanpa campuran aditif) dari Pertamina pasalnya kandungan etanol dalam base fuel Pertamina terlampau tinggi. https://t.co/0039mQsWZd","1973932075771474038","https://pbs.twimg.com/media/G2TQww6bQAAX0lR.jpg","","in","","0","0","0","https://x.com/undefined/status/1973932075771474038","3043246526",
"1973931003464077396","Fri Oct 03 01:59:59 +0000 2025","1","Tinggi Kandungan Etanol Vivo dan AKR Batal Beli BBM Pertamina https://t.co/RPScoiLpYP Terbongkar Kejahatan Pertamina Alhamdulillah","1973931003464077396","","","in","","0","0","1","https://x.com/undefined/status/1973931003464077396","907415343299096577",
"1973927043768463452","Fri Oct 03 01:44:15 +0000 2025","0","BP dan Vivo membatalkan pembelian BBM dari Pertamina karena kandungan etanol mencapai 3 5 %. Apa konsekuensi bagi mesin kendaraan? https://t.co/dPi6nuiYEg","1973927043768463452","","","in","","0","0","5","https://x.com/undefined/status/1973927043768463452","1545636853214507008",
"1973926510282383706","Fri Oct 03 01:42:08 +0000 2025","1","Alasan 3 SPBU Asing Batal Beli BBM Pertamina Buka Suara Soal Kandungan Etanol https://t.co/mPJhSJunmc","1973926510282383706","","","in","","0","0","1","https://x.com/undefined/status/1973926510282383706","509946051",
"1973693639235920277","Thu Oct 02 10:16:47 +0000 2025","2","Penjelasan Pertamina soal Kandungan Etanol di BBM https://t.co/yfHF00qKET","1973693639235920277","","","in","","0","1","0","https://x.com/undefined/status/1973693639235920277","135795460",
"1973618902669337025","Thu Oct 02 10:06:51 +0000 2025","2","@darwis_ginting @msaid_didu Berdasarkan laporan terbaru dari Pertamina dan RDP dengan DPR Shell BP-AKR dan Vivo batal beli base fuel karena kandungan etanol 3 5% yang tidak sesuai standar mereka. Shell juga terkendala prosedur birokrasi internal.","1973691136721240455","","darwis_ginting","in","","0","0","0","https://x.com/undefined/status/1973691136721240455","1720665183188922368",
"1973691122154430489","Thu Oct 02 10:06:47 +0000 2025","0","Swasta Batal Beli BBM Karena Kandungan Etanol Ini Respons Pertamina https://t.co/IFuazmHWPE","1973691122154430489","","","in","","0","0","0","https://x.com/undefined/status/1973691122154430489","847372542830444544",
"1973680261402660907","Thu Oct 02 09:23:38 +0000 2025","0","Dua operator SPBU swasta PT Vivo Energy Indonesia dan BP-AKR membatalkan kesepakatan pembelian 100 ribu barel base fuel dari Pertamina karena kandungan etanol sebesar 3 5 persen dalam produk tersebut Selengkapnya di https://t.co/7kKhMmEnfd https://t.co/myLKpemkvt","1973680261402660907","https://pbs.twimg.com/media/G2PrmISbwAEfW9E.jpg","","in","","0","0","0","https://x.com/undefined/status/1973680261402660907","1382213818370039808",
"1973626370703188186","Thu Oct 02 08:49:15 +0000 2025","0","@iwankecil @RadioElshinta Ya kandungan etanol dalam BBM memang cenderung meningkat ke depannya untuk alasan lingkungan seperti di F1 yang sudah pakai E10 (10%) dan rencana 2026 ke bahan bakar 100% berkelanjutan dengan komponen bio lebih tinggi. Etanol bisa baik untuk mesin: octane tinggi emisi lebih","1973671609354645886","","iwankecil","in","","0","1","0","https://x.com/undefined/status/1973671609354645886","1720665183188922368",
"1973671542795202834","Thu Oct 02 08:48:59 +0000 2025","0","Shell Cs Batal Beli BBM Gegara Kandungan Etanol Ini Penjelasan Pertamina https://t.co/yELznKbN2M","1973671542795202834","","","in","","0","0","0","https://x.com/undefined/status/1973671542795202834","47274731",
"1973334300587335873","Thu Oct 02 08:28:31 +0000 2025","0","@starlabs557 @BigAlphaID Seberapa tinggi seh kandungan Etanol di BBM yg beredar? Pertamax Green aja baru 5 %.. Dan Hampir semua Kendaraan itu dapat memakai sampai BBM Etanol Campuran di angka tersebut. Apalagi semua Produk Ron 92/95 itu pakai tambahan aditif yg bisa meminimalisir efek","1973666391665549357","","starlabs557","in","","0","1","0","https://x.com/undefined/status/1973666391665549357","2148483312",
"1973626370703188186","Thu Oct 02 08:24:10 +0000 2025","0","@RadioElshinta Permasalahan nya kandungan etanol tapi kenapa komennya pertamina sudah menyisihkan stok BBM RON 92 dan 98 ?","1973665295593251047","","RadioElshinta","in","","0","0","0","https://x.com/undefined/status/1973665295593251047","50126213",
"1973661082607821010","Thu Oct 02 08:07:25 +0000 2025","345","SPBU swasta kompak batal beli BBM dari Pertamina karena kandungan tak sesuai... Ada kandungan ETANOL BBM Pertamina....! Kurang ajar ini.... https://t.co/GX1q4KtwFW","1973661082607821010","https://pbs.twimg.com/ext_tw_video_thumb/1973661022725742595/pu/img/iy3agiRpGJVTTfNF.jpg","","in","","13","36","172","https://x.com/undefined/status/1973661082607821010","1296312516901916672",
"1973334300587335873","Thu Oct 02 08:02:06 +0000 2025","0","@yono_1977 @BigAlphaID Ya di Indonesia berapa persen kendaraan yang gak bermasalah dengan kandungan etanol tinggi? Belum lg bicara di atas kertas bisa aja memenuhi spesifikasi A B C tapi gak serta merta menghilangkan potensi terkena korosi karena kandungan etanol tinggi.","1973659742863278442","","yono_1977","in","","0","1","0","https://x.com/undefined/status/1973659742863278442","818529980",
"1973655989225468235","Thu Oct 02 07:47:11 +0000 2025","0","https://t.co/50tMT0Bn7v Rencana kolaborasi antara Pertamina dan SPBU swasta seperti VIVO Energy dan APR untuk pemenuhan stok BBM gagal terwujud karena adanya kandungan etanol sebesar 3 5% dalam base fuel Pertamina meskipun masih dalam batas aman regulasi.","1973655989225468235","","","in","","0","0","0","https://x.com/undefined/status/1973655989225468235","1656562862201122817",
"1973538424238854400","Thu Oct 02 07:46:16 +0000 2025","0","@KelonMusk3 @ARSIPAJA Menurut regulasi Indonesia kandungan etanol hingga 20% diperbolehkan di BBM jadi 3 5% secara hukum wajar. Namun untuk base fuel impor biasanya diharapkan minim etanol karena blending dilakukan kemudian. Hal ini jadi alasan Vivo dan BP batal beli dari Pertamina mungkin karena","1973655760052822130","","KelonMusk3","in","","0","0","0","https://x.com/undefined/status/1973655760052822130","1720665183188922368",
"1973655596420465138","Thu Oct 02 07:45:37 +0000 2025","1","JAKARTA Dua perusahaan Stasiun Pengisian Bahan Bakar Umum (SPBU) swasta yaitu Vivo Energy Indonesia dan BP-AKR dikabarkan membatalkan rencana pembelian base fuel BBM dari Pertamina. Keputusan ini muncul setelah adanya temuan kandungan etanol sebesar 3 5 persen https://t.co/FtyvjI79uM","1973655596420465138","https://pbs.twimg.com/amplify_video_thumb/1973655508893704199/img/QAD747nhFQ2xPwIE.jpg","","in","","0","0","0","https://x.com/undefined/status/1973655596420465138","782227850698960896",
"1973538424238854400","Thu Oct 02 07:44:32 +0000 2025","0","@ARSIPAJA @grok apakah wajar kandungan etanol 3 5% di base feul?","1973655322301702343","","ARSIPAJA","in","","0","1","0","https://x.com/undefined/status/1973655322301702343","1562716734552809473",
"1973625344528884049","Thu Oct 02 07:42:23 +0000 2025","46","@merapi_uncover Vivo karo BP wae rasido njukuk seko Pertamina mergane kandungan etanol e terlalu tinggi nek etanol e masih dlm batas wajar we rapopo lha iki terlalu tinggi Yowis selamat mnikmati kebobrokan motor n kebobrokan pemerintahan seko mentri Bahlil dibawah presiden kesayanganmu itu lur https://t.co/rhcZd3dvQd","1973654782142505074","https://pbs.twimg.com/media/G2PT1WlaIAUHRw2.jpg","merapi_uncover","in","","0","1","7","https://x.com/undefined/status/1973654782142505074","1107278033281404928",
"1973542662620979551","Thu Oct 02 07:29:37 +0000 2025","2","Base fuel Etanol di luar negeri max 10%. Baik Bp mapupun shell di luar negeri rata2 mengandung etanol 5% dan 10%. Kandungan base fuel pertamina kmrin 3 5%. Kalau di pertamax 92 malah katanya tidak ada etanol informasinya bisa dibaca sendiri di google data yg ada bisa dibaca","1973651569162985977","","Ndrewstjan","in","","0","2","1","https://x.com/undefined/status/1973651569162985977","1176673445263765504",
"1973647908026392872","Thu Oct 02 07:15:04 +0000 2025","0","Kandungan Etanol dalam BBM Adalah Apa Digunakan untuk? Ramai Alasan SPBU Swasta Batal Beli BBM dari Pertamina. https://t.co/UFk5b3j0RR","1973647908026392872","","","in","","0","0","0","https://x.com/undefined/status/1973647908026392872","1287642738683342848",
"1973356022732562496","Thu Oct 02 07:09:06 +0000 2025","0","@salam4jari Tim Gabungan Penyidik : mari kita check kandungan etanol di Pertamina. Dannnnn... boooom kilang minyak pertamina terbakar...","1973646404989100235","","salam4jari","in","","0","0","0","https://x.com/undefined/status/1973646404989100235","180967881",
"1973636986914078775","Thu Oct 02 06:31:40 +0000 2025","0","Kandungan etanol mengatur nilai oktan dalam bahan bakar. Etanol bisa berefek negatif pada performa kendaraan tertentu. #Ekonomi #AdadiKompas https://t.co/ZR9LJmbZWN","1973636986914078775","","","in","","0","0","0","https://x.com/undefined/status/1973636986914078775","155456716",
"1973634381408321946","Thu Oct 02 06:21:19 +0000 2025","0","Kandungan etanol mengatur nilai oktan dalam bahan bakar. Etanol bisa berefek negatif pada performa kendaraan tertentu. #Ekonomi #AdadiKompas https://t.co/5F6nH7DJs8","1973634381408321946","","","in","","0","0","0","https://x.com/undefined/status/1973634381408321946","771030588",
"1973626370703188186","Thu Oct 02 05:49:29 +0000 2025","258","PT Vivo Energy Indonesia (Vivo) dan PT Aneka Petroindo Raya (APR) atau SPBU BP-AKR membatalkan pembelian BBM dari PT Pertamina (Persero) karena kandungan etanol 3 5 persen yang dinilai terlampau tinggi. Padahal menurut regulasi kandungan etanol dalam BBM diperbolehkan hingga https://t.co/LVy3XTkT9a","1973626370703188186","https://pbs.twimg.com/media/G2O6uFCaIAsXz_s.jpg","","in","","16","69","119","https://x.com/undefined/status/1973626370703188186","121640063",
"1973591344624050231","Thu Oct 02 05:37:31 +0000 2025","75","@Metro_TV Ternyata Bahlil adalah Pahlawan Warga. Dengan kuota impor dibatasi. Jadinya ketiga pom swasta tsb bisa mengaudit kandungan etanol di Base fuel nya pertamina karena keinginan pertamina pembelian via 1 pintu. Dan kita jadi beneran tau bahwa emang Base fuelnya pertamina caur. ","1973623360618897822","","Metro_TV","in","","0","0","5","https://x.com/undefined/status/1973623360618897822","939551623",
"1973619226859675958","Thu Oct 02 05:21:06 +0000 2025","0"," Udah deal eh batal Itu yang terjadi sama Vivo &amp; BP-AKR waktu mau ambil base fuel dari Pertamina. Alasannya karena kandungan etanol dianggap nggak sesuai standar mereka. Swipe buat tau berita lengkapnya! #news #berita #indonesia https://t.co/8fnfnTloVx","1973619226859675958","https://pbs.twimg.com/media/G2O0OPIaIAQKESy.jpg","","in","","0","1","5","https://x.com/undefined/status/1973619226859675958","1879736924661075968",
"1973614517830779236","Thu Oct 02 05:02:23 +0000 2025","0","Dari adanya Batal pembelian BBM oleh swasta ke Pertamina. Kita jadi tahu jika kandungan Etanol terlalu banyak dapat menyebabkan dampak negatif pada mesin.","1973614517830779236","","","in","","0","0","0","https://x.com/undefined/status/1973614517830779236","1603619938073456640",
"1973613526729236794","Thu Oct 02 04:58:27 +0000 2025","0","Kandungan Etanol Jadi Alasan Vivo https://t.co/qyOW8tpHtq","1973613526729236794","","","in","","0","0","0","https://x.com/undefined/status/1973613526729236794","808582626688712704",
"1973611290099851382","Thu Oct 02 04:49:35 +0000 2025","0","Pihak swasta menolak membeli BBM Pertamina karena kandungan etanol meskipun kadar etanol di Indonesia relatif rendah yaitu E2. Alasan ini dipertanyakan karena etanol telah digunakan secara luas di banyak negara.","1973611293845365180","","voxindonesia_id","in","","0","1","0","https://x.com/undefined/status/1973611293845365180","1429497035510583298",
"1973411781822521653","Thu Oct 02 04:34:01 +0000 2025","0","@SelebtwitMobil penyimpanan BBM yang memiliki kandungan etanol itu perlu perlakuan khusus tidak sembarangan dan harus sering dibersihkan.","1973607377393033724","","SelebtwitMobil","in","","0","0","0","https://x.com/undefined/status/1973607377393033724","1813838257664442368",
"1973334300587335873","Thu Oct 02 04:30:58 +0000 2025","0","@BigAlphaID Selain ketahuan punya kandungan etanol 3 5% saya fokus keuntungan yg diambil dri 40.000 barel base fuel ini. 3 5% ini shrusnya tetap base fuel tpi diganti dan jika dikali dgn 40.000 barel dgn harga 1 barel wah brp milyar keuntungan pertamina dri ini. apakah ini masuk korupsi?","1973606611446013996","","BigAlphaID","in","","0","0","0","https://x.com/undefined/status/1973606611446013996","1161981135972290561",
"1973604067005046961","Thu Oct 02 04:20:52 +0000 2025","0","Sejumlah pihak swasta menolak membeli BBM Pertamina dengan dalih kandungan etanol. Ironisnya kadar etanol di Indonesia hanya berada di level E2 jauh lebih rendah dibandingkan Brasil yang sudah mencapai E27 E100 India E20 serta Eropa dan Amerika yang berkisar E10 E85. https://t.co/Qoy7taRPkF","1973604067005046961","https://pbs.twimg.com/media/G2OmZ9BaIAIUdgT.jpg","","in","","1","1","1","https://x.com/undefined/status/1973604067005046961","1380535714253733896",
"1973566929580569018","Thu Oct 02 04:16:47 +0000 2025","43","@perupadata Kandungan etanol tinggi bisa menyebabkan korosi mesin cepat rusak penumpukan limbah di mesin filter di kendaraan lu cepat mampet dsb. Udah kualitas sampah dioplos dgn pedenya ditawarkan ke perusahaan asing dan swasta.. Anjeng pejabat sampah. https://t.co/pn29vCDFjI","1973603041854234906","https://pbs.twimg.com/media/G2OlggZaIAYobGQ.jpg","perupadata","in","","0","0","17","https://x.com/undefined/status/1973603041854234906","997779086926790656",
"1973602435747946811","Thu Oct 02 04:14:23 +0000 2025","0","VIVO dan BP mendadak batal beli BBM dari Pertamina! Karena kandungan Etanol 3 5% https://t.co/ZRddmkxkqf","1973602435747946811","","","in","","0","0","0","https://x.com/undefined/status/1973602435747946811","808582626688712704",
"1973599972840055081","Thu Oct 02 04:04:35 +0000 2025","1","Gak ngerti kenapa pada salfok karena di regulasi kan udah dibilang kandungan etanol dalam bbm boleh hingga batas 20% inti permasalahnya i think most likely SPBU tuh mau base fuel (murni) tapi kok malah ada etanol 3.5%nya...","1973599972840055081","","","in","","0","2","0","https://x.com/undefined/status/1973599972840055081","397967930",
"1973411781822521653","Thu Oct 02 03:44:04 +0000 2025","0","@moedigroem @SelebtwitMobil Alternatif etanol sebagai aditif BBM: bio-isobutanol (lebih stabil tidak higroskopis) ETBE/TAME (eter oksigenat lain) atau peningkatan oktan non-oksigenat seperti alkylates/reformates. Kandungan 3 5% etanol bermasalah bagi VIVO/BP karena tidak sesuai spesifikasi teknis","1973594807667925417","","moedigroem","in","","0","0","0","https://x.com/undefined/status/1973594807667925417","1720665183188922368",
"1973411781822521653","Thu Oct 02 03:41:32 +0000 2025","0","@moedigroem @SelebtwitMobil Etanol dalam BBM (bahan bakar minyak) berfungsi sebagai aditif oksigenat untuk meningkatkan angka oktan memperbaiki pembakaran dan mengurangi emisi gas buang seperti CO. Ia juga bersifat terbarukan membantu kurangi ketergantungan pada fosil fuel. Kandungan seperti 3 5% di","1973594170255450195","","moedigroem","in","","0","1","0","https://x.com/undefined/status/1973594170255450195","1720665183188922368",
"1973411781822521653","Thu Oct 02 03:38:33 +0000 2025","0","@moedigroem @SelebtwitMobil Ya pembatalan pembelian BBM oleh VIVO dan BP-AKR dari Pertamina memang karena kandungan etanol 3 5% yang tidak sesuai spesifikasi mereka. Namun klaim bahwa etanol menguap hingga mengurangi volume 3 5% dalam hitungan hari selama pengiriman/penyimpanan tidak sepenuhnya didukung","1973593418858373569","","moedigroem","in","","0","1","0","https://x.com/undefined/status/1973593418858373569","1720665183188922368",
"1973588835482366081","Thu Oct 02 03:36:11 +0000 2025","0","@politikana Berdasarkan berita terkini dari CNN Indonesia dan Tribunnews (September-Oktober 2025) Pertamina mengimpor base fuel tersebut dari Amerika Serikat untuk atasi kekurangan stok SPBU swasta. Kandungan etanol ~3 5% kemungkinan sudah dicampur oleh pemasok di AS karena blending etanol","1973592823950877158","","politikana","in","","0","1","0","https://x.com/undefined/status/1973592823950877158","1720665183188922368",
"1973588835482366081","Thu Oct 02 03:24:05 +0000 2025","0","@politikana Dengan kandungan etanol ~3 5% efeknya minimal pada kendaraan modern: penurunan efisiensi energi sekitar 1% risiko korosi dan pemisahan fase rendah jika bahan bakar segar. Pada mesin lama mungkin ada dampak kecil seperti degradasi seal setelah penggunaan rutin bertahun-tahun ","1973589778689056985","","politikana","in","","0","1","0","https://x.com/undefined/status/1973589778689056985","1720665183188922368",
"1973589349209088227","Thu Oct 02 03:22:23 +0000 2025","0","SPBU swasta punya standard ketat base fuel tidak boleh ada kandungan etanol sementara base fuel pertamina ada kandungan etanol 3.5% Vivo BP-AKR Shell belum mutusin beli base fuel dari pertamina. https://t.co/56f9arnlgG https://t.co/091ieF1ZQg","1973589349209088227","https://pbs.twimg.com/media/G2OZDH0bAAAfihq.jpg","","in","","0","0","0","https://x.com/undefined/status/1973589349209088227","2382330150",
"1973588835482366081","Thu Oct 02 03:21:40 +0000 2025","0","@politikana Etanol dalam BBM bisa korosif bagi komponen mesin lama menarik air hingga menyebabkan pemisahan fase dan menurunkan efisiensi energi. BP dan Vivo batal beli karena ingin BBM murni tanpa aditif meski regulasi izinkan hingga 20% etanol (kandungan di sini ~3 5%).","1973589172368842847","","politikana","in","","0","1","0","https://x.com/undefined/status/1973589172368842847","1720665183188922368",
"1973538424238854400","Thu Oct 02 03:07:23 +0000 2025","0","@_hehe77 @cerio0 @ARSIPAJA Yang benar adalah Vivo dan BP batal beli base fuel dari Pertamina karena kandungan etanol 3 5% tidak sesuai spesifikasi mereka meski regulasi izinkan hingga 20%. Subtitle di screenshot tampaknya typo artikel lengkap konfirmasi pembatalan. Sumber: https://t.co/f2ZO93pPie CNN ","1973585576575246638","","_hehe77","in","","0","0","0","https://x.com/undefined/status/1973585576575246638","1720665183188922368",
"1973356022732562496","Thu Oct 02 02:57:25 +0000 2025","0","@zcmbi @salam4jari Berdasarkan laporan dari Kompas https://t.co/KStD9dvgIB dan sumber lain alasan utama pembatalan Vivo dan BP-AKR adalah kandungan etanol 3 5% yang tidak sesuai spesifikasi. Vivo menyebut masalah teknis tambahan yang tak bisa dipenuhi Pertamina tapi tanpa detail spesifik.","1973583069203616081","","zcmbi","in","","0","1","0","https://x.com/undefined/status/1973583069203616081","1720665183188922368",
"1973356022732562496","Thu Oct 02 02:54:30 +0000 2025","0","@grok @salam4jari Apakah ada masalah lainnya selain karena ada kandungan etanol?","1973582334529269980","","grok","in","","0","1","0","https://x.com/undefined/status/1973582334529269980","1284391552626774018",
"1973356022732562496","Thu Oct 02 02:53:38 +0000 2025","0","@zcmbi @salam4jari Berita ini valid didukung oleh laporan dari Kumparan Kompas CNN Indonesia dan sumber lain. Secara sederhana: Vivo dan BP-AKR awalnya setuju beli base fuel (BBM murni) dari Pertamina tapi batal karena tes lab menemukan kandungan etanol 3 5% yang tidak sesuai regulasi","1973582116509327800","","zcmbi","in","","0","1","0","https://x.com/undefined/status/1973582116509327800","1720665183188922368",
"1973581948254863369","Thu Oct 02 02:52:58 +0000 2025","0","Terungkap! Vivo &amp; BP Batal Beli BBM Pertamina Gegara Kandungan Etanol https://t.co/b7a6CfVfPV","1973581948254863369","","","in","","0","1","0","https://x.com/undefined/status/1973581948254863369","847372542830444544",
"1973581884555928030","Thu Oct 02 02:52:43 +0000 2025","0","SPBU Swasta Batal Beli BBM Pertamina Kandungan Etanol Jadi Kendala https://t.co/x5VCZhlQvS #PertaminaPatraNiaga #SPBUSwasta #VivoEnergy #BPAKR #KandunganEtanol #bitvonline","1973581884555928030","","","in","","0","0","0","https://x.com/undefined/status/1973581884555928030","1641028826489823232",
"1973579979524120583","Thu Oct 02 02:45:09 +0000 2025","110","Apa bahaya kandungan ETANOL? Shell Vivo BP batal ambil BBM dari Pertamina karena kandungan Etanol. Buat yang awam termasuk saya ini bahaya etanol buat kendaraan kita: ​1. Korosi dan Kerusakan Komponen ​Etanol bersifat korosif terhadap beberapa material terutama jika","1973579979524120583","","","in","","3","0","47","https://x.com/undefined/status/1973579979524120583","33456112",
"1973538424238854400","Thu Oct 02 02:29:59 +0000 2025","1","@JodyAndersson @ARSIPAJA Kandungan etanol dalam BBM memiliki dampak positif dan negatif: Positif: - Mengurangi emisi CO2 dan polusi (hingga 43-52% lebih rendah dari bensin murni). - Meningkatkan nilai oktan performa mesin dan efisiensi pembakaran. - Sumber terbarukan kurangi ketergantungan fosil","1973576164682899691","","JodyAndersson","in","","0","0","0","https://x.com/undefined/status/1973576164682899691","1720665183188922368",
"1973575729653981476","Thu Oct 02 02:28:15 +0000 2025","0","Awalnya Vivo dan BP-AKR sempat sepakat namun belakangan mundur karena isu kandungan etanol pada base fuel impor Pertamina. Shell pun masih tarik-ulur dengan alasan birokrasi internal. Lalu apa sebenarnya yang membuat SPBU swasta kompak menahan diri? https://t.co/G8wz0gn7Sc","1973575729653981476","","","in","","0","0","0","https://x.com/undefined/status/1973575729653981476","64635651",
"1973538424238854400","Thu Oct 02 02:28:13 +0000 2025","0","@ARSIPAJA Apa dampak dari adanya kandungan etanol di dalam BBM? @grok","1973575721265303956","","ARSIPAJA","in","","0","1","0","https://x.com/undefined/status/1973575721265303956","1480905761492373504",
"1973574894253420795","Thu Oct 02 02:24:56 +0000 2025","3","Vivo dan BP Batal Beli BBM dari Pertamina Penyebabnya karena kandungan etanol https://t.co/CTjDZ1e7wD","1973574894253420795","","","in","","1","1","1","https://x.com/undefined/status/1973574894253420795","41730943",
"1973573454315266306","Thu Oct 02 02:19:13 +0000 2025","5","Vivo dan BP Batal Beli BBM dari Pertamina Penyebabnya karena kandungan etanol https://t.co/DypxoefE3d","1973573454315266306","","","in","","1","4","1","https://x.com/undefined/status/1973573454315266306","41730943",
"1972919340430242124","Thu Oct 02 02:11:11 +0000 2025","1","@tempodotco Infonya batal karena kadar etanol hanya 3 5 sedangkan standar kandungan etanol 20","1973571433990361230","","tempodotco","in","","0","2","0","https://x.com/undefined/status/1973571433990361230","1604177885916381184",
"1973538424238854400","Thu Oct 02 01:38:24 +0000 2025","0","@M4M4D_C41303L @ARSIPAJA Ya ada perbedaan. Etanol meningkatkan nilai oktan bensin (meningkatkan performa anti-knocking) tapi menurunkan kandungan energi (efisiensi sedikit berkurang). Pada 3% efek minimal dan aman untuk kebanyakan mesin. Di atas 5% (misal 10%) oktan lebih tinggi tapi bisa korosif","1973563184444481636","","M4M4D_C41303L","in","","0","0","0","https://x.com/undefined/status/1973563184444481636","1720665183188922368",
"1973546842370822645","Thu Oct 02 00:33:28 +0000 2025","0","Vivo Batalkan Pembelian BBM Pertamina karena Kandungan Etanol https://t.co/FwEIhgJvGI","1973546842370822645","","","in","","0","0","0","https://x.com/undefined/status/1973546842370822645","1350787273",
"1973546721973248478","Thu Oct 02 00:32:59 +0000 2025","0","Vivo Batalkan Pembelian BBM Pertamina karena Kandungan Etanol https://t.co/ZSke1Duxtt","1973546721973248478","","","in","","0","0","0","https://x.com/undefined/status/1973546721973248478","1602956893",
"1973538424238854400","Thu Oct 02 00:29:22 +0000 2025","0","@tanyabiartahu @ARSIPAJA Berita ini benar. Vivo dan BP membatalkan pembelian base fuel dari Pertamina karena kandungan etanol 3 5% di impor minyak tersebut tidak sesuai regulasi. Pertamina mengonfirmasi hal ini dalam rapat DPR. Sumber: https://t.co/f2ZO93pPie Reuters.","1973545809682768328","","tanyabiartahu","in","","0","1","0","https://x.com/undefined/status/1973545809682768328","1720665183188922368",
"1973542662620979551","Thu Oct 02 00:26:59 +0000 2025","8","Shell juga sama. Headquarter-nya di london. Sesuai informasi di atas base fuel di UK London juga tdk free ethanol. Rata2 kandungan etanolnya up to 10%. Dan bensin shell di uk juga rata2 tdk free etanol ( up to 5% and 10% ). Spbu yg free etanol ada tapi spbu tertentu saja. https://t.co/KbCFiLC3Ly","1973545211092672584","https://pbs.twimg.com/media/G2Nw6F9aIAAFh_q.jpg","Ndrewstjan","in","","0","2","0","https://x.com/undefined/status/1973545211092672584","1176673445263765504",
"1973543557991399734","Thu Oct 02 00:20:25 +0000 2025","0","Tinggi Kandungan Etanol Vivo dan AKR Batal Beli BBM Pertamina https://t.co/Szcy9qbVrn","1973543557991399734","","","in","","0","0","0","https://x.com/undefined/status/1973543557991399734","89877164",
"1973539140135489606","Thu Oct 02 00:02:52 +0000 2025","0","Vivo Energi Indonesia dan BP-AKR memutuskan batal membeli 40.000 barel fuel base impor BBM dari Pertamina karena menemukan kandungan etanol sebesar 3 5% dalam produk tersebut. Simak selengkapnya: https://t.co/g7f1h2GA2a https://t.co/HiA2HbJM5b","1973539140135489606","https://pbs.twimg.com/media/G2NrXriaIAAA55h.jpg","","in","","0","0","2","https://x.com/undefined/status/1973539140135489606","1582972008479920129",
"1973356732006248737","Wed Oct 01 23:54:16 +0000 2025","0","@TurquoiseMasaru @nuicemedia fixed beli dari SPBU Non Pertamina kedepannya sih tanya @grok soal efek kandungan etanol pada mesin https://t.co/PWWih9ZBg9","1973536975488737339","https://pbs.twimg.com/media/G2NpUooaIAAnfYy.jpg","TurquoiseMasaru","in","","0","1","0","https://x.com/undefined/status/1973536975488737339","1234080904794058752",
"1973529294749180374","Wed Oct 01 23:23:44 +0000 2025","0","Sudah diakui bahwa base fuel yg diimpor ada kandungan etanol jd spbu swasta ogah beli Orang dpr juga ternyata terang²an mau mambatasi perluasan spbu swasta agar tidak bertambah konsumennya ","1973529294749180374","","","in","","0","0","0","https://x.com/undefined/status/1973529294749180374","518235012",
"1973525957568041375","Wed Oct 01 23:10:29 +0000 2025","212","Kandungan etanol sampai 3.5% padahal fuel base murni harusnya bebas etanol. SPBU swasta ogah karena mereka punya standar sendiri dan punya formulasi masing-masing. btw etanol itu higroskopis biang karat krn nyerap lembab (uap air) plus masalah pump &amp; injektor. ","1973525957568041375","","","in","","3","11","143","https://x.com/undefined/status/1973525957568041375","368837396",
"1973356022732562496","Wed Oct 01 22:37:45 +0000 2025","8","@salam4jari Pantesan selama gw pake Pertamax mesin sering berebet... Dan bnyak jg pengguna motor mesin injeksi sering mogok akibat nosel injeksinya sering kesumbat biasanya kuras tanki begitu dikuras bnyak kandungan air di bensin air itu bisa jadi dari etanol yg tereduksi...","1973517720231748020","","salam4jari","in","","0","0","0","https://x.com/undefined/status/1973517720231748020","1952938728651145219",
"1973497391899619672","Wed Oct 01 21:16:58 +0000 2025","0","Kandungan Etanol Jadi Penyebab BP dan Vivo Batal Beli BBM dari Pertamina https://t.co/5noXytx6KP https://t.co/oXZkkTTHzR","1973497391899619672","https://pbs.twimg.com/media/G2NFa1CWcAER7lN.jpg","","in","","0","0","0","https://x.com/undefined/status/1973497391899619672","118371948",
"1973345989479277015","Wed Oct 01 20:45:23 +0000 2025","4","@TirtoID Diperbolehkan bukan berarti sesuai spek masing2 selama ini.hehe Mungkin shell dkk kandungan etanol dibawah 3 5 atau bahkan 0. Kalau mereka pakai punya pertamina jadi merusak spek mereka selama ini. Ini hanya mungkin.","1973489442699747556","","TirtoID","in","","0","0","0","https://x.com/undefined/status/1973489442699747556","393543552",
"1973169035966816749","Wed Oct 01 20:42:17 +0000 2025","0","@Exies_17 @salam4jari Shell tidak bisa import BBM langsung karena pembatasan kuota impor pemerintah (hanya +10% dari penjualan 2024). Mereka diarahkan beli dari Pertamina tapi belum kesepakatan karena negosiasi B2B dan isu teknis seperti kandungan etanol di base fuel.","1973488663305789730","","Exies_17","in","","0","0","0","https://x.com/undefined/status/1973488663305789730","1720665183188922368",
"1973473765154844832","Wed Oct 01 19:43:05 +0000 2025","1","Kandungan etanol tinggi menguap. Pantesan . Perbaiki dulu barang kalian pertamina. Org jualan jgn cuma kejar untung. Bahlul dongok","1973473765154844832","","","in","","0","0","0","https://x.com/undefined/status/1973473765154844832","1594969791588016130",
"1973236432820183108","Wed Oct 01 19:01:12 +0000 2025","1","@beulangong174 @ARSIPAJA apa semua minyak yg ada di PERTAMINA saat ini juga punya kandungan yg sama. etanol (kandungan yg membuat karat atau kotor).","1973463222750683193","","beulangong174","in","","0","1","0","https://x.com/undefined/status/1973463222750683193","797421402185867268",
"1973356022732562496","Wed Oct 01 18:47:03 +0000 2025","0","@akroma23 @salam4jari Ya etanol tinggi bisa bikin bensin lebih cepat habis saat dipakai. Karena kandungan energinya lebih rendah daripada bensin murni kendaraan butuh lebih banyak bahan bakar untuk jarak yang sama (efisiensi turun 3-5% per 10% etanol). Tapi ini tergantung mesin dan campuran.","1973459661295853973","","akroma23","in","","0","1","0","https://x.com/undefined/status/1973459661295853973","1720665183188922368",
"1973356022732562496","Wed Oct 01 18:45:42 +0000 2025","0","@akroma23 @salam4jari Kandungan etanol tinggi dalam bensin bisa sebabkan korosi pada komponen mesin (logam karet plastik) tarik air yang picu kontaminasi dan turunkan efisiensi (jarak tempuh lebih pendek). Di sisi lain tingkatkan oktan dan kurangi emisi. Efeknya bergantung pada jenis kendaraan.","1973459323344003327","","akroma23","in","","0","1","0","https://x.com/undefined/status/1973459323344003327","1720665183188922368",
"1973448858350019065","Wed Oct 01 18:04:07 +0000 2025","151","Kualitas BBM Pertamina OPLOSAN ? PT Vivo Energy Indonesia (Vivo) dan PT Aneka Petroindo Raya (APR) atau SPBU BP-AKR membatalkan pembelian BBM dari PT Pertamina (Persero) karena kandungan etanol 3 5 persen yang dinilai terlampau tinggi. https://t.co/MMWPndZJpf","1973448858350019065","https://pbs.twimg.com/media/G2MZRzzbwAAFnev.jpg","","in","","3","34","83","https://x.com/undefined/status/1973448858350019065","1875086359578472450",
"1973438043890880819","Wed Oct 01 17:21:09 +0000 2025","2","Kandungan Etanol Jadi Alasan Vivo &amp; BP Batal Beli BBM Impor dari Pertamina https://t.co/DIgxXEQntV #Bisnis","1973438043890880819","","","in","","1","1","2","https://x.com/undefined/status/1973438043890880819","47596019",
"1973419097909240104","Wed Oct 01 16:05:51 +0000 2025","0"," Wadirut PT Pertamina Patra Niaga Achmad Muchtasyar mengatakan bahwa SPBU swasta menyoroti base fuel Pertamina yang memiliki kandungan etanol sebesar 3 5 persen. Hal ini membuat badan usaha swasta tidak berkenan. ujarnya dalam rapat dengar pendapat (RDP) dgn Komisi XII DPR","1973419097909240104","","","in","","0","0","0","https://x.com/undefined/status/1973419097909240104","192787849",
"1973356022732562496","Wed Oct 01 16:03:25 +0000 2025","0","@xpxtcy @salam4jari Ya berita ini benar. Berdasarkan artikel Kumparan dan sumber lain seperti detikFinance serta Kompas Vivo dan BP-AKR memang membatalkan pembelian BBM dari Pertamina karena kandungan etanol 3 5% dinilai terlalu tinggi meski regulasi izinkan hingga 20%.","1973418482122498242","","xpxtcy","in","","0","0","0","https://x.com/undefined/status/1973418482122498242","1720665183188922368",
"1973356022732562496","Wed Oct 01 15:52:43 +0000 2025","0","@mr_hardi4 @salam4jari Kandungan etanol tinggi di BBM murni (seperti bensin) bisa punya efek positif dan negatif: Positif: Mengurangi emisi karbon meningkatkan oktan dan lebih ramah lingkungan. Negatif: Menurunkan efisiensi bahan bakar (jarak tempuh berkurang) bisa korosi mesin jika tidak","1973415792831316324","","mr_hardi4","in","","0","0","0","https://x.com/undefined/status/1973415792831316324","1720665183188922368",
"1973356022732562496","Wed Oct 01 15:52:10 +0000 2025","0","@salam4jari @grok apa pengaruh kandungan etanol tinggi pada bbm murni","1973415653802647751","","salam4jari","in","","0","1","0","https://x.com/undefined/status/1973415653802647751","1497068669725143040",
"1973369514084671734","Wed Oct 01 15:26:55 +0000 2025","10","@notmuskat @WidasSatyo Well deal awal BP Vivo mau beli asalkan murni. Ya artinya gaada kandungan etanol didalamnya. Tetiba ternyata ada kandungan 3.5% etanol yg mana udh mencederai deal awal. So gaada salahnya dong klo batal ambil? Klo udh kejadian spt itu trust nya putangina apa tdk makin jatuh?","1973409297951551678","","notmuskat","in","","0","0","1","https://x.com/undefined/status/1973409297951551678","729902120",
"1973334300587335873","Wed Oct 01 15:21:22 +0000 2025","0","@ayam_mie12 @BigAlphaID Kandungan etanol 3 5% di base oil BBM bisa jadi masalah karena etanol bersifat higroskopis (menarik air) berisiko fase separasi jika terkontaminasi air. Juga bisa korosi komponen mesin yang tidak dirancang untuk campuran etanol serta menurunkan nilai kalor (efisiensi bahan","1973407899889357211","","ayam_mie12","in","","0","1","0","https://x.com/undefined/status/1973407899889357211","1720665183188922368",
"1973345989479277015","Wed Oct 01 15:21:02 +0000 2025","0","@Cuankie99 @TirtoID Kandungan etanol dalam bahan bakar (seperti bensin) punya pengaruh positif dan negatif: Positif: Tingkatkan oktan kurangi emisi CO/HC lebih ramah lingkungan. Negatif: Turunkan efisiensi (jarak tempuh berkurang) bisa korosi komponen mesin jika tidak kompatibel serap air yang","1973407816091312579","","Cuankie99","in","","0","1","0","https://x.com/undefined/status/1973407816091312579","1720665183188922368",
"1973345989479277015","Wed Oct 01 15:20:16 +0000 2025","0","@grok @TirtoID @grok apa pengaruhnya kandungan etanol pada fuel.","1973407624566800414","","grok","in","","0","1","0","https://x.com/undefined/status/1973407624566800414","69230060",
"1973334300587335873","Wed Oct 01 15:19:41 +0000 2025","0","@unggul_anggoro @BigAlphaID Ya serius. Kandungan etanol 3 5% di BBM Pertamina sesuai standar nasional dan aman untuk kendaraan modern. Tak ada bukti kerusakan massal tapi cek kompatibilitas mesinmu jika kendaraan lama.","1973407477678084163","","unggul_anggoro","in","","0","0","0","https://x.com/undefined/status/1973407477678084163","1720665183188922368",
"1973345989479277015","Wed Oct 01 15:18:30 +0000 2025","1","@Cuankie99 @TirtoID Intinya Vivo dan BP batal beli base fuel Pertamina karena kandungan etanol 3 5% meskipun regulasi izinkan hingga 20%. Mereka sebut ada isu teknis yang tak bisa dipenuhi.","1973407181790912874","","Cuankie99","in","","0","1","0","https://x.com/undefined/status/1973407181790912874","1720665183188922368",
"1973334300587335873","Wed Oct 01 15:14:36 +0000 2025","1","@unggul_anggoro @BigAlphaID Ya berita ini benar berdasarkan laporan Reuters (1 Okt 2025): Vivo &amp; BP-AKR batal beli karena kandungan etanol 3 5% di BBM Pertamina plus isu sertifikat asal untuk BP. Akibat etanol 3 5% di bensin: Bisa tingkatkan oktan &amp; kurangi emisi tapi turunkan efisiensi bahan bakar","1973406200206336440","","unggul_anggoro","in","","0","1","1","https://x.com/undefined/status/1973406200206336440","1720665183188922368",
"1973334300587335873","Wed Oct 01 15:08:12 +0000 2025","0","@insuccubuss @BigAlphaID @grok apa dampak jangka pendek dan jangka panjang atas kandungan etanol 3% ini bagi mesin kendaraan?","1973404587483865272","","insuccubuss","in","","0","1","0","https://x.com/undefined/status/1973404587483865272","780283814425747456",
"1973334300587335873","Wed Oct 01 15:07:44 +0000 2025","0","@dibalikbakwanz @BigAlphaID Kandungan etanol 3 5% pada bensin punya efek sbb: Jangka pendek: Tingkatkan oktan &amp; performa kurangi emisi CO/HC. Risiko: Serap air bisa picu pemisahan fase &amp; masalah penyimpanan jika lembab. Jangka panjang: Potensi korosi logam &amp; degradasi karet/plastik di sistem bahan","1973404472320860532","","dibalikbakwanz","in","","0","0","0","https://x.com/undefined/status/1973404472320860532","1720665183188922368",
"1973169035966816749","Wed Oct 01 14:52:19 +0000 2025","0","@oknumwarga @ijatxzul @Alberto06Fans @salam4jari Ya analogi itu kreatif dan valid sebagai humor subyektif. Tapi fakta: Shell-BP tolak karena kandungan etanol 3.5% tak sesuai standar mereka plus isu negosiasi. Bukan alasan lain. ","1973400588693151994","","oknumwarga","in","","0","1","0","https://x.com/undefined/status/1973400588693151994","1720665183188922368",
"1973399162327617932","Wed Oct 01 14:46:38 +0000 2025","0","Nah tuh @pertamina kok bisa. Maksudnya apa kandungan etanol terlalu tinggi ? Bikin invesstor kabuurrr apa masuk","1973399162327617932","","","in","","0","0","0","https://x.com/undefined/status/1973399162327617932","1241734809182859264",
"1973356022732562496","Wed Oct 01 14:39:18 +0000 2025","0","@fantastixue @salam4jari Ya menurut sumber seperti detikFinance dan https://t.co/KStD9dvgIB (1 Okt 2025) Shell masih negosiasi dengan Pertamina tapi belum deal karena kandungan etanol di base fuel Pertamina terlalu tinggi mirip kasus Vivo. Mereka prioritaskan kualitas tinggi.","1973397312962699495","","fantastixue","in","","0","0","0","https://x.com/undefined/status/1973397312962699495","1720665183188922368",
"1973356022732562496","Wed Oct 01 14:36:56 +0000 2025","1","@fantastixue @salam4jari Berdasarkan verifikasi dari sumber seperti kumparan Reuters CNBC Indonesia dan detikFinance Vivo sempat setuju beli 40.000 barel BBM dari Pertamina (26 Sept 2025) tapi batal karena kandungan etanol terlalu tinggi/tidak sesuai spesifikasi. Belum ada pembelian aktual.","1973396720722780423","","fantastixue","in","","0","1","0","https://x.com/undefined/status/1973396720722780423","1720665183188922368",
"1973334300587335873","Wed Oct 01 14:29:05 +0000 2025","0","@SyaFahsya @BigAlphaID Penjelasan singkat: VIVO dan BP membatalkan pembelian BBM dari Pertamina karena kandungan etanol 3 5% dianggap bermasalah mungkin terkait standar kualitas atau regulasi impor. Sebelumnya VIVO setuju beli 40.000 barel tapi deal gagal. Ini berdasarkan berita terkini; konfirmasi","1973394744630976644","","SyaFahsya","in","","0","0","0","https://x.com/undefined/status/1973394744630976644","1720665183188922368",
"1973394090181177621","Wed Oct 01 14:26:29 +0000 2025","0","SPBU Swasta Batal Beli Base Fuel Pertamina Kandungan Etanol Jadi Kendala https://t.co/g3OtX4Qun0","1973394090181177621","","","in","","0","0","0","https://x.com/undefined/status/1973394090181177621","1640521920214110209",
"1973236432820183108","Wed Oct 01 14:20:02 +0000 2025","0","@ARSIPAJA Nggak maksa TAPI NGAPAIN DONG ESDM DAN SI BAHLUL LAH KAYAK ASU MENYURATI MELULU SPBU SWASTA UNTUK BELI BASE FUEL PERTAMINA?! MANA BASE FUEL PERTAMINA PUNYA KANDUNGAN ETANOL 3 5% PADAHAL PERUSAHAAN SWASTA PENGENNYA KANDUNGAN ETANOL 0 00000000000%","1973392467849519564","","ARSIPAJA","in","","0","1","0","https://x.com/undefined/status/1973392467849519564","1311843980636643328",
"1973356022732562496","Wed Oct 01 14:12:46 +0000 2025","1","@nuemontserrat @salam4jari Berdasarkan info terkini kandungan etanol di BBM base Pertamina sekitar 3 5% yang masih dalam batas regulasi (hingga 20%). Namun ini dianggap terlalu tinggi oleh SPBU swasta seperti Vivo dan BP-AKR karena tak sesuai spesifikasi produk mereka. Penyebabnya kemungkinan dari impor","1973390637040017831","","nuemontserrat","in","","0","0","0","https://x.com/undefined/status/1973390637040017831","1720665183188922368",
"1973382235496563009","Wed Oct 01 13:41:38 +0000 2025","1","@Malangraya_info BP min. Tp ada kabar buruk vivo bp shell belum jg ambil base fuel wes datang dari 26 Sept krn ada kandungan 3 5% etanol. Jd bensin swasta msh kosong kedepannya https://t.co/EsQg5CL9t3","1973382803719880842","","Malangraya_info","in","","0","1","0","https://x.com/undefined/status/1973382803719880842","173407719",
"1973334300587335873","Wed Oct 01 13:26:33 +0000 2025","0","@tayo_bisbarbar @Petrapraise7 @OlisHrcolis @BigAlphaID Pertamax standar (RON 92) dari Pertamina tidak mengandung etanol. Sedangkan Pertamax Green 95 memiliki kandungan etanol 5%. Untuk konfirmasi terkini cek situs resmi Pertamina.","1973379006243504469","","tayo_bisbarbar","in","","0","0","0","https://x.com/undefined/status/1973379006243504469","1720665183188922368",
"1973377315339116707","Wed Oct 01 13:19:50 +0000 2025","0","udah mah dipaksa beli base fuel dalam negeri terus nanti ditambahin adiktif karna swasta ga punya penyulingan di dalam negeri lah sekarang base fuel yang mau dibeli ada kandungan etanol 3.5% emang goblok ini negara","1973377315339116707","","","in","","0","0","0","https://x.com/undefined/status/1973377315339116707","401192941",
"1973334300587335873","Wed Oct 01 13:13:07 +0000 2025","1","@CongKene_doewa @BigAlphaID @grok Etanol mengikat air apalagi di iklim tropis dg kelembaban tinggi bayangkan kandungan air di dalam sistem pembakaran","1973375627022786804","","CongKene_doewa","in","","0","0","0","https://x.com/undefined/status/1973375627022786804","1606134650640158720",
"1973345989479277015","Wed Oct 01 13:11:50 +0000 2025","4","@OniDewono @TirtoID Berdasarkan info terkini BP-AKR secara eksplisit mencari base fuel tanpa kandungan etanol (0%). Vivo juga membatalkan pembelian karena etanol 3 5% tidak sesuai spesifikasi produk mereka menandakan toleransi nol etanol untuk menjaga standar kualitas.","1973375304753467430","","OniDewono","in","","0","1","5","https://x.com/undefined/status/1973375304753467430","1720665183188922368",
"1973374427841880347","Wed Oct 01 13:08:23 +0000 2025","0","Notes: kalau mau tau efeknya kanan atas post itu ada tombol Grok. Tanya aja impact kandungan etanol di bbm ini apa. Plus minus lah. Sila pilih mana yang align sama kalian","1973374434502402048","","_infaustj","in","","0","0","0","https://x.com/undefined/status/1973374434502402048","1139325276259680256",
"1973374427841880347","Wed Oct 01 13:08:21 +0000 2025","1","Yang gue baca: pertamina gak niat ngasih yang terbaik buat customer. Acuannya ke peraturan yang bolehin kandungan etanol sampai 20%. Maksain standar mereka ke perusahaan lain ini sih. Dan gak dikasih opsi lain selain tunduk. True evil.","1973374427841880347","","","in","","0","1","1","https://x.com/undefined/status/1973374427841880347","1139325276259680256",
"1973345989479277015","Wed Oct 01 11:15:21 +0000 2025","1115","Alasan pembatalan tersebut kata Achmad karena base fuel Pertamina mengandung etanol sebesar 3 5 persen. Padahal menurut regulasi kandungan etanol dalam BBM diperbolehkan hingga batas 20 persen. https://t.co/Mrqo8n8QIb","1973345989479277015","https://pbs.twimg.com/media/G2K7iVDaIAApger.jpg","","in","","115","111","402","https://x.com/undefined/status/1973345989479277015","4187275698",
"1973334300587335873","Wed Oct 01 11:10:36 +0000 2025","10","@BigAlphaID apa dampak kandungan etanol 3 5% ini ya? apa bikin bbm cepet habis dan kendaraan terasa boros ?","1973344792320024755","","BigAlphaID","in","","0","4","0","https://x.com/undefined/status/1973344792320024755","1721429936488239104",
"1973334300587335873","Wed Oct 01 11:07:34 +0000 2025","2","@mohaverr @BigAlphaID Menurut regulasi Indonesia (Permen ESDM No. 12/2015) kandungan etanol dalam BBM diperbolehkan hingga 20%. Untuk kendaraan toleransi umum hingga 10% (E10) tanpa modifikasi mesin meski beberapa bisa lebih tinggi.","1973344029627785224","","mohaverr","in","","0","0","0","https://x.com/undefined/status/1973344029627785224","1720665183188922368",
"1973334300587335873","Wed Oct 01 11:06:07 +0000 2025","0","@BigAlphaID @grok brp tingkat toleransi kandungan etanol pada bbm?","1973343663771295861","","BigAlphaID","in","","0","1","0","https://x.com/undefined/status/1973343663771295861","1637696657818259456",
"1973334300587335873","Wed Oct 01 10:50:50 +0000 2025","0","@parto_hap @BigAlphaID Idealnya kandungan etanol dalam bensin disesuaikan dengan standar kendaraan. Untuk mobil modern E10 (10%) umum dan aman tingkatkan oktan serta kurangi emisi. Namun untuk hindari korosi atau masalah di mesin lama 0% lebih baik. Dalam kasus ini VIVO dan BP batal karena 3 5%","1973339818215313443","","parto_hap","in","","0","0","0","https://x.com/undefined/status/1973339818215313443","1720665183188922368",
"1973334300587335873","Wed Oct 01 10:47:55 +0000 2025","0","@parto_hap @BigAlphaID Kandungan etanol 3 5% dalam BBM bisa meningkatkan oktan mengurangi emisi CO dan meningkatkan performa mesin pada level rendah. Namun dampak negatifnya termasuk menarik air yang menyebabkan korosi pada komponen mesin mengurangi jarak tempuh dan potensi ketidakstabilan","1973339083507376151","","parto_hap","in","","0","1","0","https://x.com/undefined/status/1973339083507376151","1720665183188922368",
"1973334300587335873","Wed Oct 01 10:37:30 +0000 2025","0","@cakbottom @BigAlphaID Kandungan etanol yang ideal dalam bensin tergantung kendaraan dan regulasi. Umumnya 5-10% (E5-E10) bagus untuk tingkatkan oktan dan kurangi emisi seperti di Pertamax Green 95 (5%). Lebih dari itu bisa picu masalah air atau korosi jika mesin tak kompatibel. Cek spek mobilmu!","1973336463325745624","","cakbottom","in","","0","1","0","https://x.com/undefined/status/1973336463325745624","1720665183188922368",
"1973334300587335873","Wed Oct 01 10:36:48 +0000 2025","0","@BigAlphaID @grok berapa kandungan etanol yg bagus?","1973336285990514760","","BigAlphaID","in","","0","1","0","https://x.com/undefined/status/1973336285990514760","1204243316000219140",
"1973334300587335873","Wed Oct 01 10:28:54 +0000 2025","4045","VIVO dan BP mendadak batal beli BBM dari Pertamina! Kandungan etanol sebesar 3 5% dalam BBM Pertamina disebut menjadi isu mengapa dua SPBU swasta tersebut membatalkan deal tersebut. Sebelumnya VIVO sempat setuju untuk membeli 40.000 barel dari Pertamina.","1973334300587335873","","","in","","458","194","1878","https://x.com/undefined/status/1973334300587335873","958566590768926721",
"1973326204041306529","Wed Oct 01 09:56:44 +0000 2025","0","Sekelas WaDirut ga yakin ttg kandungan etanol dlm BBM yg dijual perusahaannya. Kalau tidak salah...kalau tidak salah.. Payah https://t.co/fm87g4wZOj Badan usaha swasta VIVO dan BP batal membeli BBM dari Pertamina.","1973326204041306529","","","in","","0","0","0","https://x.com/undefined/status/1973326204041306529","1858417823498035200",
